{"results": {"benchmarks_Geometry.Geometry_HighLevel.peakmem_camlos1d": 89595904, "benchmarks_Geometry.Geometry_HighLevel.peakmem_camlos2d": 134684672, "benchmarks_Geometry.Geometry_HighLevel.peakmem_solidangle_part": 129921024, "benchmarks_Geometry.Geometry_HighLevel.time_camlos1d": {"result": [0.006966770999497385], "stats": [{"ci_99": [-Infinity, Infinity], "q_25": 0.006966770999497385, "q_75": 0.006966770999497385, "min": 0.006966770999497385, "max": 0.006966770999497385, "mean": 0.006966770999497385, "std": 0.0, "repeat": 1, "number": 1}]}, "benchmarks_Geometry.Geometry_HighLevel.time_camlos2d": {"result": [0.46399426700008917], "stats": [{"ci_99": [-Infinity, Infinity], "q_25": 0.46399426700008917, "q_75": 0.46399426700008917, "min": 0.46399426700008917, "max": 0.46399426700008917, "mean": 0.46399426700008917, "std": 0.0, "repeat": 1, "number": 1}]}, "benchmarks_Geometry.Geometry_HighLevel.time_solidangle_part": {"result": [5.098231723000936], "stats": [{"ci_99": [-Infinity, Infinity], "q_25": 5.098231723000936, "q_75": 5.098231723000936, "min": 5.098231723000936, "max": 5.098231723000936, "mean": 5.098231723000936, "std": 0.0, "repeat": 1, "number": 1}]}, "benchmarks_Mesh2D.Mesh2D_HighLevel.peakmem_00_mesh2d_rect_bs2": 94740480, "benchmarks_Mesh2D.Mesh2D_HighLevel.peakmem_02_geommatrix_rect": 145072128, "benchmarks_Mesh2D.Mesh2D_HighLevel.time_00_mesh2d_rect_bs2": {"result": [0.03657892999945034], "stats": [{"ci_99": [-Infinity, Infinity], "q_25": 0.03657892999945034, "q_75": 0.03657892999945034, "min": 0.03657892999945034, "max": 0.03657892999945034, "mean": 0.03657892999945034, "std": 0.0, "repeat": 1, "number": 1}]}, "benchmarks_Mesh2D.Mesh2D_HighLevel.time_02_geommatrix_rect": {"result": [4.474115371000153], "stats": [{"ci_99": [-Infinity, Infinity], "q_25": 4.474115371000153, "q_75": 4.474115371000153, "min": 4.474115371000153, "max": 4.474115371000153, "mean": 4.474115371000153, "std": 0.0, "repeat": 1, "number": 1}]}}, "params": {"arch": "x86_64", "cpu": "Intel(R) Core(TM) i7-9700 CPU @ 3.00GHz", "machine": "didier-XH310V2", "num_cpu": "8", "os": "Linux 5.11.0-38-generic", "ram": "32797816", "python": "3.8.12", "cython": "0.29.24", "matplotlib": "3.4.3", "numpy": "1.21.2", "requests": "2.26.0", "scikit-sparse": "", "scikit-umfpack": "", "scipy": "1.7.1"}, "requirements": {"cython": "0.29.24", "matplotlib": "3.4.3", "numpy": "1.21.2", "requests": "2.26.0", "scikit-sparse": "", "scikit-umfpack": "", "scipy": "1.7.1"}, "commit_hash": "b8fa60c7917520ab4a47710f8f9089001056163b", "date": 1636137705000, "env_name": "conda-py3.8.12-cython0.29.24-matplotlib3.4.3-numpy1.21.2-requests2.26.0-scikit-sparse-scikit-umfpack-scipy1.7.1", "python": "3.8.12", "profiles": {}, "started_at": {"benchmarks_Geometry.Geometry_HighLevel.peakmem_camlos1d": 1636145266247, "benchmarks_Geometry.Geometry_HighLevel.peakmem_camlos2d": 1636145266353, "benchmarks_Geometry.Geometry_HighLevel.peakmem_solidangle_part": 1636145266911, "benchmarks_Geometry.Geometry_HighLevel.time_camlos1d": 1636145272125, "benchmarks_Geometry.Geometry_HighLevel.time_camlos2d": 1636145272234, "benchmarks_Geometry.Geometry_HighLevel.time_solidangle_part": 1636145272792, "benchmarks_Mesh2D.Mesh2D_HighLevel.peakmem_00_mesh2d_rect_bs2": 1636145277955, "benchmarks_Mesh2D.Mesh2D_HighLevel.peakmem_02_geommatrix_rect": 1636145278109, "benchmarks_Mesh2D.Mesh2D_HighLevel.time_00_mesh2d_rect_bs2": 1636145282773, "benchmarks_Mesh2D.Mesh2D_HighLevel.time_02_geommatrix_rect": 1636145282926}, "ended_at": {"benchmarks_Geometry.Geometry_HighLevel.peakmem_camlos1d": 1636145266352, "benchmarks_Geometry.Geometry_HighLevel.peakmem_camlos2d": 1636145266911, "benchmarks_Geometry.Geometry_HighLevel.peakmem_solidangle_part": 1636145272125, "benchmarks_Geometry.Geometry_HighLevel.time_camlos1d": 1636145272233, "benchmarks_Geometry.Geometry_HighLevel.time_camlos2d": 1636145272792, "benchmarks_Geometry.Geometry_HighLevel.time_solidangle_part": 1636145277955, "benchmarks_Mesh2D.Mesh2D_HighLevel.peakmem_00_mesh2d_rect_bs2": 1636145278109, "benchmarks_Mesh2D.Mesh2D_HighLevel.peakmem_02_geommatrix_rect": 1636145282773, "benchmarks_Mesh2D.Mesh2D_HighLevel.time_00_mesh2d_rect_bs2": 1636145282926, "benchmarks_Mesh2D.Mesh2D_HighLevel.time_02_geommatrix_rect": 1636145287539}, "benchmark_version": {"benchmarks_Geometry.Geometry_HighLevel.peakmem_camlos1d": "81f8b81e177d5998658416016beedaa1a51c2e44e9e755e31ca5bf3e63a5dd1f", "benchmarks_Geometry.Geometry_HighLevel.peakmem_camlos2d": "327f7aec4ce98d4bbe05295a201bf6d2663cac0aa6c2f86535c736bd31240d05", "benchmarks_Geometry.Geometry_HighLevel.peakmem_solidangle_part": "8d28ae91ad8b6882f1a5b5b14cc10644ba81f73e17fc9bb4c283c8d56fb1f79d", "benchmarks_Geometry.Geometry_HighLevel.time_camlos1d": "8ae0cfe43f52e16d81a015a0f091ebf6a2bb6caabce9b513f51452ff8cd53326", "benchmarks_Geometry.Geometry_HighLevel.time_camlos2d": "4d2fe98a4e883acfccffee15d89ce8992993cf8e837db071b7199d5923ff4f0a", "benchmarks_Geometry.Geometry_HighLevel.time_solidangle_part": "6008caafbde93592582ad29fb9cef96c4c2875c578c3c691d2d90796e33a1d0c", "benchmarks_Mesh2D.Mesh2D_HighLevel.peakmem_00_mesh2d_rect_bs2": "137a96d8fa0d88198e921a63b99f16e45bd0989cde9fd235574204ddae862b47", "benchmarks_Mesh2D.Mesh2D_HighLevel.peakmem_02_geommatrix_rect": "5141b4b2f1e51743a8e6c31b3a7e637145964ff4cfac0adf83ae080615b9039f", "benchmarks_Mesh2D.Mesh2D_HighLevel.time_00_mesh2d_rect_bs2": "9f03bcacebbf41e477179a3a97f8faca0e10b8c237ae122b1b607642d6cb4715", "benchmarks_Mesh2D.Mesh2D_HighLevel.time_02_geommatrix_rect": "3f581575e43c1c4d333ef89f6b051739b5c1a1628290c0592d4449a6f541a476"}, "version": 1}