{"results": {"benchmarks.Geometry.time_camlos1d": {"result": [0.0049036248332564964], "stats": [{"ci_99": [0.00479382766661729, 0.0052980713332241676], "q_25": 0.0048573578333162, "q_75": 0.005041425583385717, "min": 0.00479382766661729, "max": 0.0052980713332241676, "mean": 0.004954382499984907, "std": 0.00014865970820710506, "repeat": 10, "number": 3}]}, "benchmarks.Geometry.time_camlos2d": {"result": [0.41073345550012164], "stats": [{"ci_99": [0.4022051229999306, 0.4327729569999974], "q_25": 0.4071840477498654, "q_75": 0.41342918900022596, "min": 0.4022051229999306, "max": 0.4327729569999974, "mean": 0.411774029200069, "std": 0.008075778130422985, "repeat": 10, "number": 1}]}, "benchmarks.Geometry.time_solidangle_part": {"result": [4.466317424999943], "stats": [{"ci_99": [4.170515644883803, 4.798125883615997], "q_25": 4.418970555999749, "q_75": 4.531667633250095, "min": 4.339975476999825, "max": 4.664672729999893, "mean": 4.484320764249901, "std": 0.11714724622684441, "repeat": 4, "number": 1}]}, "benchmarks.Geometry.peakmem_camlos1d": 89899008, "benchmarks.Geometry.peakmem_camlos2d": 134893568, "benchmarks.Geometry.peakmem_solidangle_part": 129564672, "benchmarks_Geometry.Geometry_HighLevel.time_camlos1d": {"result": [0.00627482200002305], "stats": [{"ci_99": [-Infinity, Infinity], "q_25": 0.00627482200002305, "q_75": 0.00627482200002305, "min": 0.00627482200002305, "max": 0.00627482200002305, "mean": 0.00627482200002305, "std": 0.0, "repeat": 1, "number": 1}]}, "benchmarks_Geometry.Geometry_HighLevel.time_camlos2d": {"result": [0.4116586009999992], "stats": [{"ci_99": [-Infinity, Infinity], "q_25": 0.4116586009999992, "q_75": 0.4116586009999992, "min": 0.4116586009999992, "max": 0.4116586009999992, "mean": 0.4116586009999992, "std": 0.0, "repeat": 1, "number": 1}]}, "benchmarks_Geometry.Geometry_HighLevel.time_solidangle_part": {"result": [4.497601126000063], "stats": [{"ci_99": [-Infinity, Infinity], "q_25": 4.497601126000063, "q_75": 4.497601126000063, "min": 4.497601126000063, "max": 4.497601126000063, "mean": 4.497601126000063, "std": 0.0, "repeat": 1, "number": 1}]}, "benchmarks_Mesh2D.Mesh2D_HighLevel.time_geommatrix_rect": null, "benchmarks_Mesh2D.Mesh2D_HighLevel.time_mesh2d_rect_bs2": null, "benchmarks_Geometry.Geometry_HighLevel.peakmem_camlos1d": 89468928, "benchmarks_Geometry.Geometry_HighLevel.peakmem_camlos2d": 134778880, "benchmarks_Geometry.Geometry_HighLevel.peakmem_solidangle_part": 129056768, "benchmarks_Mesh2D.Mesh2D_HighLevel.peakmem_geommatrix_rect": null, "benchmarks_Mesh2D.Mesh2D_HighLevel.peakmem_mesh2d_rect_bs2": 91738112, "benchmarks_Mesh2D.Mesh2D_HighLevel.time_00_mesh2d_rect_bs2": null, "benchmarks_Mesh2D.Mesh2D_HighLevel.time_02_geommatrix_rect": {"result": [3.7501463109999804], "stats": [{"ci_99": [-Infinity, Infinity], "q_25": 3.7501463109999804, "q_75": 3.7501463109999804, "min": 3.7501463109999804, "max": 3.7501463109999804, "mean": 3.7501463109999804, "std": 0.0, "repeat": 1, "number": 1}]}, "benchmarks_Mesh2D.Mesh2D_HighLevel.peakmem_00_mesh2d_rect_bs2": null, "benchmarks_Mesh2D.Mesh2D_HighLevel.peakmem_02_geommatrix_rect": 145154048}, "params": {"arch": "x86_64", "cpu": "Intel(R) Core(TM) i7-9700 CPU @ 3.00GHz", "machine": "didier-XH310V2", "num_cpu": "8", "os": "Linux 5.11.0-38-generic", "ram": "32797816", "python": "3.8.12", "cython": "0.29.24", "matplotlib": "3.4.3", "numpy": "1.21.2", "requests": "2.26.0", "scikit-sparse": "", "scikit-umfpack": "", "scipy": "1.7.1"}, "requirements": {"cython": "0.29.24", "matplotlib": "3.4.3", "numpy": "1.21.2", "requests": "2.26.0", "scikit-sparse": "", "scikit-umfpack": "", "scipy": "1.7.1"}, "commit_hash": "e7dd4ba07460bb659cf9cc17a5808daed5b0c110", "date": 1636034341000, "env_name": "conda-py3.8.12-cython0.29.24-matplotlib3.4.3-numpy1.21.2-requests2.26.0-scikit-sparse-scikit-umfpack-scipy1.7.1", "python": "3.8.12", "profiles": {}, "started_at": {"benchmarks.Geometry.time_camlos1d": 1636133134666, "benchmarks.Geometry.time_camlos2d": 1636133135120, "benchmarks.Geometry.time_solidangle_part": 1636133137840, "benchmarks.Geometry.peakmem_camlos1d": 1636133128591, "benchmarks.Geometry.peakmem_camlos2d": 1636133128748, "benchmarks.Geometry.peakmem_solidangle_part": 1636133129453, "benchmarks_Geometry.Geometry_HighLevel.time_camlos1d": 1636359900750, "benchmarks_Geometry.Geometry_HighLevel.time_camlos2d": 1636359900853, "benchmarks_Geometry.Geometry_HighLevel.time_solidangle_part": 1636359901357, "benchmarks_Mesh2D.Mesh2D_HighLevel.time_geommatrix_rect": 1636135985727, "benchmarks_Mesh2D.Mesh2D_HighLevel.time_mesh2d_rect_bs2": 1636135985830, "benchmarks_Geometry.Geometry_HighLevel.peakmem_camlos1d": 1636359895576, "benchmarks_Geometry.Geometry_HighLevel.peakmem_camlos2d": 1636359895629, "benchmarks_Geometry.Geometry_HighLevel.peakmem_solidangle_part": 1636359896139, "benchmarks_Mesh2D.Mesh2D_HighLevel.peakmem_geommatrix_rect": 1636136010299, "benchmarks_Mesh2D.Mesh2D_HighLevel.peakmem_mesh2d_rect_bs2": 1636136010402, "benchmarks_Mesh2D.Mesh2D_HighLevel.time_00_mesh2d_rect_bs2": 1636359909981, "benchmarks_Mesh2D.Mesh2D_HighLevel.time_02_geommatrix_rect": 1636359910134, "benchmarks_Mesh2D.Mesh2D_HighLevel.peakmem_00_mesh2d_rect_bs2": 1636359905917, "benchmarks_Mesh2D.Mesh2D_HighLevel.peakmem_02_geommatrix_rect": 1636359906070}, "ended_at": {"benchmarks.Geometry.time_camlos1d": 1636133135119, "benchmarks.Geometry.time_camlos2d": 1636133137840, "benchmarks.Geometry.time_solidangle_part": 1636133151567, "benchmarks.Geometry.peakmem_camlos1d": 1636133128748, "benchmarks.Geometry.peakmem_camlos2d": 1636133129453, "benchmarks.Geometry.peakmem_solidangle_part": 1636133134666, "benchmarks_Geometry.Geometry_HighLevel.time_camlos1d": 1636359900853, "benchmarks_Geometry.Geometry_HighLevel.time_camlos2d": 1636359901356, "benchmarks_Geometry.Geometry_HighLevel.time_solidangle_part": 1636359905917, "benchmarks_Mesh2D.Mesh2D_HighLevel.time_geommatrix_rect": 1636135985830, "benchmarks_Mesh2D.Mesh2D_HighLevel.time_mesh2d_rect_bs2": 1636135985932, "benchmarks_Geometry.Geometry_HighLevel.peakmem_camlos1d": 1636359895629, "benchmarks_Geometry.Geometry_HighLevel.peakmem_camlos2d": 1636359896139, "benchmarks_Geometry.Geometry_HighLevel.peakmem_solidangle_part": 1636359900749, "benchmarks_Mesh2D.Mesh2D_HighLevel.peakmem_geommatrix_rect": 1636136010402, "benchmarks_Mesh2D.Mesh2D_HighLevel.peakmem_mesh2d_rect_bs2": 1636136010509, "benchmarks_Mesh2D.Mesh2D_HighLevel.time_00_mesh2d_rect_bs2": 1636359910134, "benchmarks_Mesh2D.Mesh2D_HighLevel.time_02_geommatrix_rect": 1636359913995, "benchmarks_Mesh2D.Mesh2D_HighLevel.peakmem_00_mesh2d_rect_bs2": 1636359906069, "benchmarks_Mesh2D.Mesh2D_HighLevel.peakmem_02_geommatrix_rect": 1636359909980}, "benchmark_version": {"benchmarks.Geometry.time_camlos1d": "672cbeeb0e534905e9b748f201cf5ba372fccac0fbdfbea55309f3d171c16b62", "benchmarks.Geometry.time_camlos2d": "da8bf34fcf3760ca2550577153a584183ff8e2fe72dceee05ee78aa6ea77ba05", "benchmarks.Geometry.time_solidangle_part": "7ce46d416d828fbd74c662f90da13c39214736f031584aa58296b8eefe057ed6", "benchmarks.Geometry.peakmem_camlos1d": "4836737a3484086a27e1fd944a39ad104d23de4de893d49dfad287a3e8e1040f", "benchmarks.Geometry.peakmem_camlos2d": "7a9f42ba3ce0ef2978a2ecb7a042e1eed981be4c11042ff44885a7471e2373db", "benchmarks.Geometry.peakmem_solidangle_part": "e23b1b0c083a8e632e2703702385bcfac4bccf44d17f85d924cbc0cc18202db8", "benchmarks_Geometry.Geometry_HighLevel.time_camlos1d": "8ae0cfe43f52e16d81a015a0f091ebf6a2bb6caabce9b513f51452ff8cd53326", "benchmarks_Geometry.Geometry_HighLevel.time_camlos2d": "4d2fe98a4e883acfccffee15d89ce8992993cf8e837db071b7199d5923ff4f0a", "benchmarks_Geometry.Geometry_HighLevel.time_solidangle_part": "6008caafbde93592582ad29fb9cef96c4c2875c578c3c691d2d90796e33a1d0c", "benchmarks_Mesh2D.Mesh2D_HighLevel.time_geommatrix_rect": "6f647fe4daf653e6aed1d559b7b07ce5e16f2294f00468b37cd27866580add98",