{"results": {"benchmarks.Geometry.time_camlos1d": {"result": [0.0049036248332564964], "stats": [{"ci_99": [0.00479382766661729, 0.0052980713332241676], "q_25": 0.0048573578333162, "q_75": 0.005041425583385717, "min": 0.00479382766661729, "max": 0.0052980713332241676, "mean": 0.004954382499984907, "std": 0.00014865970820710506, "repeat": 10, "number": 3}]}, "benchmarks.Geometry.time_camlos2d": {"result": [0.41073345550012164], "stats": [{"ci_99": [0.4022051229999306, 0.4327729569999974], "q_25": 0.4071840477498654, "q_75": 0.41342918900022596, "min": 0.4022051229999306, "max": 0.4327729569999974, "mean": 0.411774029200069, "std": 0.008075778130422985, "repeat": 10, "number": 1}]}, "benchmarks.Geometry.time_solidangle_part": {"result": [4.466317424999943], "stats": [{"ci_99": [4.170515644883803, 4.798125883615997], "q_25": 4.418970555999749, "q_75": 4.531667633250095, "min": 4.339975476999825, "max": 4.664672729999893, "mean": 4.484320764249901, "std": 0.11714724622684441, "repeat": 4, "number": 1}]}, "benchmarks.Geometry.peakmem_camlos1d": 89899008, "benchmarks.Geometry.peakmem_camlos2d": 134893568, "benchmarks.Geometry.peakmem_solidangle_part": 129564672, "benchmarks_Geometry.Geometry_HighLevel.time_camlos1d": {"result": [0.005278366249996225], "stats": [{"ci_99": [0.004929931000049237, 0.006060495999975046], "q_25": 0.005093410249983776, "q_75": 0.0058901472499997, "min": 0.004929931000049237, "max": 0.006060495999975046, "mean": 0.005444358599993393, "std": 0.0004235218640214787, "repeat": 10, "number": 2}]}, "benchmarks_Geometry.Geometry_HighLevel.time_camlos2d": {"result": [0.41375550250006654], "stats": [{"ci_99": [0.39933958299991446, 0.45136872399996264], "q_25": 0.4103936167499853, "q_75": 0.42520643450001216, "min": 0.39933958299991446, "max": 0.45136872399996264, "mean": 0.4197854653000036, "std": 0.015984661174468902, "repeat": 10, "number": 1}]}, "benchmarks_Geometry.Geometry_HighLevel.time_solidangle_part": {"result": [4.430530242999964], "stats": [{"ci_99": [4.284911511312383, 4.631311324687591], "q_25": 4.418848483749997, "q_75": 4.469793177249954, "min": 4.395490896999945, "max": 4.575894289000075, "mean": 4.458111417999987, "std": 0.0695448287203519, "repeat": 4, "number": 1}]}, "benchmarks_Mesh2D.Mesh2D_HighLevel.time_geommatrix_rect": null, "benchmarks_Mesh2D.Mesh2D_HighLevel.time_mesh2d_rect_bs2": null, "benchmarks_Geometry.Geometry_HighLevel.peakmem_camlos1d": 89784320, "benchmarks_Geometry.Geometry_HighLevel.peakmem_camlos2d": 134799360, "benchmarks_Geometry.Geometry_HighLevel.peakmem_solidangle_part": 129368064, "benchmarks_Mesh2D.Mesh2D_HighLevel.peakmem_geommatrix_rect": null, "benchmarks_Mesh2D.Mesh2D_HighLevel.peakmem_mesh2d_rect_bs2": 91738112, "benchmarks_Mesh2D.Mesh2D_HighLevel.time_00_mesh2d_rect_bs2": null, "benchmarks_Mesh2D.Mesh2D_HighLevel.time_02_geommatrix_rect": {"result": [3.8766539965000675], "stats": [{"ci_99": [3.531300332041288, 4.210188552458798], "q_25": 3.773495140250077, "q_75": 3.9739032985000335, "min": 3.7242334070000425, "max": 4.005436368999995, "mean": 3.870744442250043, "std": 0.11696612988253163, "repeat": 4, "number": 1}]}, "benchmarks_Mesh2D.Mesh2D_HighLevel.peakmem_00_mesh2d_rect_bs2": null, "benchmarks_Mesh2D.Mesh2D_HighLevel.peakmem_02_geommatrix_rect": 145162240}, "params": {"arch": "x86_64", "cpu": "Intel(R) Core(TM) i7-9700 CPU @ 3.00GHz", "machine": "didier-XH310V2", "num_cpu": "8", "os": "Linux 5.11.0-38-generic", "ram": "32797816", "python": "3.8.12", "cython": "0.29.24", "matplotlib": "3.4.3", "numpy": "1.21.2", "requests": "2.26.0", "scikit-sparse": "", "scikit-umfpack": "", "scipy": "1.7.1"}, "requirements": {"cython": "0.29.24", "matplotlib": "3.4.3", "numpy": "1.21.2", "requests": "2.26.0", "scikit-sparse": "", "scikit-umfpack": "", "scipy": "1.7.1"}, "commit_hash": "e7dd4ba07460bb659cf9cc17a5808daed5b0c110", "date": 1636034341000, "env_name": "conda-py3.8.12-cython0.29.24-matplotlib3.4.3-numpy1.21.2-requests2.26.0-scikit-sparse-scikit-umfpack-scipy1.7.1", "python": "3.8.12", "profiles": {}, "started_at": {"benchmarks.Geometry.time_camlos1d": 1636133134666, "benchmarks.Geometry.time_camlos2d": 1636133135120, "benchmarks.Geometry.time_solidangle_part": 1636133137840, "benchmarks.Geometry.peakmem_camlos1d": 1636133128591, "benchmarks.Geometry.peakmem_camlos2d": 1636133128748, "benchmarks.Geometry.peakmem_solidangle_part": 1636133129453, "benchmarks_Geometry.Geometry_HighLevel.time_camlos1d": 1636359467320, "benchmarks_Geometry.Geometry_HighLevel.time_camlos2d": 1636359467774, "benchmarks_Geometry.Geometry_HighLevel.time_solidangle_part": 1636359470531, "benchmarks_Mesh2D.Mesh2D_HighLevel.time_geommatrix_rect": 1636135985727, "benchmarks_Mesh2D.Mesh2D_HighLevel.time_mesh2d_rect_bs2": 1636135985830, "benchmarks_Geometry.Geometry_HighLevel.peakmem_camlos1d": 1636359460608, "benchmarks_Geometry.Geometry_HighLevel.peakmem_camlos2d": 1636359462201, "benchmarks_Geometry.Geometry_HighLevel.peakmem_solidangle_part": 1636359462709, "benchmarks_Mesh2D.Mesh2D_HighLevel.peakmem_geommatrix_rect": 1636136010299, "benchmarks_Mesh2D.Mesh2D_HighLevel.peakmem_mesh2d_rect_bs2": 1636136010402, "benchmarks_Mesh2D.Mesh2D_HighLevel.time_00_mesh2d_rect_bs2": 1636359448234, "benchmarks_Mesh2D.Mesh2D_HighLevel.time_02_geommatrix_rect": 1636359488471, "benchmarks_Mesh2D.Mesh2D_HighLevel.peakmem_00_mesh2d_rect_bs2": 1636359484158, "benchmarks_Mesh2D.Mesh2D_HighLevel.peakmem_02_geommatrix_rect": 1636359484261}, "ended_at": {"benchmarks.Geometry.time_camlos1d": 1636133135119, "benchmarks.Geometry.time_camlos2d": 1636133137840, "benchmarks.Geometry.time_solidangle_part": 1636133151567, "benchmarks.Geometry.peakmem_camlos1d": 1636133128748, "benchmarks.Geometry.peakmem_camlos2d": 1636133129453, "benchmarks.Geometry.peakmem_solidangle_part": 1636133134666, "benchmarks_Geometry.Geometry_HighLevel.time_camlos1d": 1636359467774, "benchmarks_Geometry.Geometry_HighLevel.time_camlos2d": 1636359470531, "benchmarks_Geometry.Geometry_HighLevel.time_solidangle_part": 1636359484158, "benchmarks_Mesh2D.Mesh2D_HighLevel.time_geommatrix_rect": 1636135985830, "benchmarks_Mesh2D.Mesh2D_HighLevel.time_mesh2d_rect_bs2": 1636135985932, "benchmarks_Geometry.Geometry_HighLevel.peakmem_camlos1d": 1636359462201, "benchmarks_Geometry.Geometry_HighLevel.peakmem_camlos2d": 1636359462709, "benchmarks_Geometry.Geometry_HighLevel.peakmem_solidangle_part": 1636359467320, "benchmarks_Mesh2D.Mesh2D_HighLevel.peakmem_geommatrix_rect": 1636136010402, "benchmarks_Mesh2D.Mesh2D_HighLevel.peakmem_mesh2d_rect_bs2": 1636136010509, "benchmarks_Mesh2D.Mesh2D_HighLevel.time_00_mesh2d_rect_bs2": 1636359448336, "benchmarks_Mesh2D.Mesh2D_HighLevel.time_02_geommatrix_rect": 1636359500249, "benchmarks_Mesh2D.Mesh2D_HighLevel.peakmem_00_mesh2d_rect_bs2": 1636359484261, "benchmarks_Mesh2D.Mesh2D_HighLevel.peakmem_02_geommatrix_rect": 1636359488471}, "benchmark_version": {"benchmarks.Geometry.time_camlos1d": "672cbeeb0e534905e9b748f201cf5ba372fccac0fbdfbea55309f3d171c16b62", "benchmarks.Geometry.time_camlos2d": "da8bf34fcf3760ca2550577153a584183ff8e2fe72dceee05ee78aa6ea77ba05", "benchmarks.Geometry.time_solidangle_part": "7ce46d416d828fbd74c662f90da13c39214736f031584aa58296b8eefe057ed6", "benchmarks.Geometry.peakmem_camlos1d": "4836737a3484086a27e1fd944a39ad104d23de4de893d49dfad287a3e8e1040f", "benchmarks.Geometry.peakmem_camlos2d": "7a9f42ba3ce0ef2978a2ecb7a042e1eed981be4c11042ff44885a7471e2373db", "benchmarks.Geometry.peakmem_solidangle_part": "e23b1b0c083a8e632e2703702385bcfac4bccf44d17f85d924cbc0cc18202db8", "benchmarks_Geometry.Geometry_HighLevel.time_camlos1d": "8ae0cfe43f52e16d81a015a0f091ebf6a2bb6caabce9b513f51452ff8cd53326", "benchmarks_Geometry.Geometry_HighLevel.time_camlos2d": "4d2fe98a4e883acfccffee15d89ce8992993cf8e837db071b7199d5923ff4f0a", "benchmarks_Geometry.Geometry_HighLevel.time_solidangle_part": "6008caafbde93592582ad29fb9cef96c4c2875c578c3c691d2d90796e33a1d0c",